GREAT RAMEN WAVE,14,black,M,L,greatramenwave.jpg
LET'S SUMMON DEMONS,22,white,M,XL,letssummondemons.jpg
WORSHIP COFFEE,14,black,M,M,worshipcoffee.jpg
STRANGE PLANET,24,black,M,M,strangeplanet.jpg
ROBOT PROBLEMS,12,grey,M,M,robotproblems.jpg
THE VINYL SYSTEM,14,black,M,L,thevinylsystem.jpg
CTHULHU'S CHURCH,20,black,M,L,cthulhuschurch.jpg
AND RAMEN,18,grey,M,M,andramen.jpg
NOT TODAY,14,black,M ,XL,nottoday.jpg
NEVER TRUST AN ATOM,16,grey,M,L,nevertrustanatom.jpg
IT GROWS ON TREES,16,black,F,S,itgrowsontrees.jpg
A PIXEL OF MY CHILDHOOD,18,blue,F,M,apixelofmychildhood.jpg
SOUND OF SUMMER,20,black,F,S,soundofsummer.jpg
THE SOUND OF SILENCE,18,black,F,S,thesoundofsilence.jpg
JAM SESSION,20,blue,F,M,jamsession.jpg
FRANKIE GOES TO HOLLYWOOD,18,white,F,S,frankiegoestohollywood.jpg
HAPPINESS IS FLEETING,18,white,F,S,happinessisfleeting.jpg
THE BEAUTY OF IMPERFECTION,20,black,F,L,thebeautyofimperfection.jpg
"NOT FAST, NOT FURIOUS",14,blue,F,M,notfastnotfurious.jpg
"KAME, USAGI AND RATTO NINJAS",16,blue,F,S,kameusagiandrattoninjas.jpg
ACHIEVE YOUR DREAMS,14,black,M,M,achieveyourdreams.jpg
ADOPT A DEMODOG,16,blue,M,L,adoptademodog.jpg
ALWAYS FOLLOW YOUR DREAMS,18,black,M,S,alwaysfollowyourdreams.jpg
CATHULU,20,black,M,XL,cathulu.jpg
DOGTOR,18,light blue,M,M,dogtor.jpg
FURR DIVISION,16,black,M,L,furrdivision.jpg
LE BEER,20,black,M,S,lebeer.jpg
MERRY EXTINCTION,19,red,M,M,merryextinction.jpg
SEAL OF APPROVAL,18,light blue,M,XL,sealofapproval.jpg
THE COMMUNIST PARTY,20,red,M,M,thecommunistparty.jpg
12 ANIMALS,18,blue,F,M,12animals.jpg
AQUATIC RAINBOW,14,F,S,aquaticrainbow.jpg
ART & MEOW,20,white,F,L,artandmeow.jpg
AWWS,18,white,F,XL,awws.jpg
JOY TO THE UNIVERSE,16,blue,F,M,joytotheuniverse.jpg
PUGTATO,20,grey,F,S,pugtato.jpg
PURRRSIST!,20,marine blue,F,L,purrrsist.jpg
SHARK FOREST,14,black,F,M,sharkforest.jpg
THE RETURN OF VAMPURR,18,black,F,S,thereturnofvampurr.jpg
NEVER TRUST AN ATOM,14,black,F,M,nevertrustanatomf.jpg